-- Insert data into feeds table
INSERT INTO `feeds` (`id`, `name`) VALUES
(1, 'Feed 1'),
(2, 'Feed 2'),
(3, 'Feed 3'),
(4, 'Feed 4'),
(5, 'Feed 5'),
(6, 'Feed 6'),
(7, 'Feed 7'),
(8, 'Feed 8'),
(9, 'Feed 9'),
(10, 'Feed 10'),
(11, 'Feed 11'),
(12, 'Feed 12'),
(13, 'Feed 13'),
(14, 'Feed 14'),
(15, 'Feed 15'),
(16, 'Feed 16'),
(17, 'Feed 17'),
(18, 'Feed 18'),
(19, 'Feed 19'),
(20, 'Feed 20');

-- Insert data into instagram_sources table
INSERT INTO `instagram_sources` (`id`, `fan_count`, `name`) VALUES
(1, 1000, 'Instagram Source 1'),
(2, 2000, 'Instagram Source 2'),
(3, 3000, 'Instagram Source 3'),
(4, 4000, 'Instagram Source 4'),
(5, 5000, 'Instagram Source 5'),
(6, 6000, 'Instagram Source 6'),
(7, 7000, 'Instagram Source 7'),
(8, 8000, 'Instagram Source 8'),
(9, 9000, 'Instagram Source 9'),
(10, 10000, 'Instagram Source 10'),
(11, 11000, 'Instagram Source 11'),
(12, 12000, 'Instagram Source 12'),
(13, 13000, 'Instagram Source 13'),
(14, 14000, 'Instagram Source 14'),
(15, 15000, 'Instagram Source 15'),
(16, 16000, 'Instagram Source 16'),
(17, 17000, 'Instagram Source 17'),
(18, 18000, 'Instagram Source 18'),
(19, 19000, 'Instagram Source 19'),
(20, 20000, 'Instagram Source 20');

-- Insert data into tiktok_sources table
INSERT INTO `tiktok_sources` (`id`, `fan_count`, `name`) VALUES
(1, 500, 'TikTok Source 1'),
(2, 1000, 'TikTok Source 2'),
(3, 1500, 'TikTok Source 3'),
(4, 2000, 'TikTok Source 4'),
(5, 2500, 'TikTok Source 5'),
(6, 3000, 'TikTok Source 6'),
(7, 3500, 'TikTok Source 7'),
(8, 4000, 'TikTok Source 8'),
(9, 4500, 'TikTok Source 9'),
(10, 5000, 'TikTok Source 10'),
(11, 5500, 'TikTok Source 11'),
(12, 6000, 'TikTok Source 12'),
(13, 6500, 'TikTok Source 13'),
(14, 7000, 'TikTok Source 14'),
(15, 7500, 'TikTok Source 15'),
(16, 8000, 'TikTok Source 16'),
(17, 8500, 'TikTok Source 17'),
(18, 9000, 'TikTok Source 18'),
(19, 9500, 'TikTok Source 19'),
(20, 10000, 'TikTok Source 20');

-- Insert data into posts table
INSERT INTO `posts` (`feed_id`, `url`) VALUES
(1, 'http://example.com/post21'),
(1, 'http://example.com/post22'),
(1, 'http://example.com/post23'),
(1, 'http://example.com/post24'),
(1, 'http://example.com/post25'),
(1, 'http://example.com/post26'),
(1, 'http://example.com/post27'),
(1, 'http://example.com/post28'),
(1, 'http://example.com/post29'),
(1, 'http://example.com/post30'),

(2, 'http://example.com/post31'),
(2, 'http://example.com/post32'),
(2, 'http://example.com/post33'),
(2, 'http://example.com/post34'),
(2, 'http://example.com/post35'),
(2, 'http://example.com/post36'),
(2, 'http://example.com/post37'),
(2, 'http://example.com/post38'),
(2, 'http://example.com/post39'),
(2, 'http://example.com/post40'),

(3, 'http://example.com/post41'),
(3, 'http://example.com/post42'),
(3, 'http://example.com/post43'),
(3, 'http://example.com/post44'),
(3, 'http://example.com/post45'),
(3, 'http://example.com/post46'),
(3, 'http://example.com/post47'),
(3, 'http://example.com/post48'),
(3, 'http://example.com/post49'),
(3, 'http://example.com/post50'),

(4, 'http://example.com/post51'),
(4, 'http://example.com/post52'),
(4, 'http://example.com/post53'),
(4, 'http://example.com/post54'),
(4, 'http://example.com/post55'),
(4, 'http://example.com/post56'),
(4, 'http://example.com/post57'),
(4, 'http://example.com/post58'),
(4, 'http://example.com/post59'),
(4, 'http://example.com/post60'),

(5, 'http://example.com/post61'),
(5, 'http://example.com/post62'),
(5, 'http://example.com/post63'),
(5, 'http://example.com/post64'),
(5, 'http://example.com/post65'),
(5, 'http://example.com/post66'),
(5, 'http://example.com/post67'),
(5, 'http://example.com/post68'),
(5, 'http://example.com/post69'),
(5, 'http://example.com/post70'),

(6, 'http://example.com/post71'),
(6, 'http://example.com/post72'),
(6, 'http://example.com/post73'),
(6, 'http://example.com/post74'),
(6, 'http://example.com/post75'),
(6, 'http://example.com/post76'),
(6, 'http://example.com/post77'),
(6, 'http://example.com/post78'),
(6, 'http://example.com/post79'),
(6, 'http://example.com/post80'),

(7, 'http://example.com/post81'),
(7, 'http://example.com/post82'),
(7, 'http://example.com/post83'),
(7, 'http://example.com/post84'),
(7, 'http://example.com/post85'),
(7, 'http://example.com/post86'),
(7, 'http://example.com/post87'),
(7, 'http://example.com/post88'),
(7, 'http://example.com/post89'),
(7, 'http://example.com/post90'),

(8, 'http://example.com/post91'),
(8, 'http://example.com/post92'),
(8, 'http://example.com/post93'),
(8, 'http://example.com/post94'),
(8, 'http://example.com/post95'),
(8, 'http://example.com/post96'),
(8, 'http://example.com/post97'),
(8, 'http://example.com/post98'),
(8, 'http://example.com/post99'),
(8, 'http://example.com/post100'),

(9, 'http://example.com/post101'),
(9, 'http://example.com/post102'),
(9, 'http://example.com/post103'),
(9, 'http://example.com/post104'),
(9, 'http://example.com/post105'),
(9, 'http://example.com/post106'),
(9, 'http://example.com/post107'),
(9, 'http://example.com/post108'),
(9, 'http://example.com/post109'),
(9, 'http://example.com/post110'),

(10, 'http://example.com/post111'),
(10, 'http://example.com/post112'),
(10, 'http://example.com/post113'),
(10, 'http://example.com/post114'),
(10, 'http://example.com/post115'),
(10, 'http://example.com/post116'),
(10, 'http://example.com/post117'),
(10, 'http://example.com/post118'),
(10, 'http://example.com/post119'),
(10, 'http://example.com/post120'),

(11, 'http://example.com/post211'),
(11, 'http://example.com/post221'),
(11, 'http://example.com/post231'),
(11, 'http://example.com/post241'),
(11, 'http://example.com/post251'),
(11, 'http://example.com/post261'),
(11, 'http://example.com/post271'),
(11, 'http://example.com/post281'),
(11, 'http://example.com/post291'),
(11, 'http://example.com/post301'),

(12, 'http://example.com/post313'),
(12, 'http://example.com/post323'),
(12, 'http://example.com/post333'),
(12, 'http://example.com/post343'),
(12, 'http://example.com/post353'),
(12, 'http://example.com/post363'),
(12, 'http://example.com/post373'),
(12, 'http://example.com/post383'),
(12, 'http://example.com/post393'),
(12, 'http://example.com/post403'),

(13, 'http://example.com/post415'),
(13, 'http://example.com/post425'),
(13, 'http://example.com/post435'),
(13, 'http://example.com/post445'),
(13, 'http://example.com/post455'),
(13, 'http://example.com/post465'),
(13, 'http://example.com/post475'),
(13, 'http://example.com/post485'),
(13, 'http://example.com/post495'),
(13, 'http://example.com/post505'),

(14, 'http://example.com/post515'),
(14, 'http://example.com/post525'),
(14, 'http://example.com/post535'),
(14, 'http://example.com/post545'),
(14, 'http://example.com/post555'),
(14, 'http://example.com/post565'),
(14, 'http://example.com/post575'),
(14, 'http://example.com/post585'),
(14, 'http://example.com/post595'),
(14, 'http://example.com/post605'),

(15, 'http://example.com/post6221'),
(15, 'http://example.com/post6222'),
(15, 'http://example.com/post6223'),
(15, 'http://example.com/post6224'),
(15, 'http://example.com/post6225'),
(15, 'http://example.com/post6226'),
(15, 'http://example.com/post6227'),
(15, 'http://example.com/post6228'),
(15, 'http://example.com/post6229'),
(15, 'http://example.com/post7220'),

(16, 'http://example.com/post7441'),
(16, 'http://example.com/post7442'),
(16, 'http://example.com/post7443'),
(16, 'http://example.com/post7444'),
(16, 'http://example.com/post7445'),
(16, 'http://example.com/post7446'),
(16, 'http://example.com/post7447'),
(16, 'http://example.com/post7448'),
(16, 'http://example.com/post7449'),
(16, 'http://example.com/post8440'),

(17, 'http://example.com/post84124121'),
(17, 'http://example.com/post84124122'),
(17, 'http://example.com/post84124123'),
(17, 'http://example.com/post84124124'),
(17, 'http://example.com/post84124125'),
(17, 'http://example.com/post84124126'),
(17, 'http://example.com/post84124127'),
(17, 'http://example.com/post84124128'),
(17, 'http://example.com/post84124129'),
(17, 'http://example.com/post94124120'),

(18, 'http://example.com/post12312391'),
(18, 'http://example.com/post12312392'),
(18, 'http://example.com/post12312393'),
(18, 'http://example.com/post12312394'),
(18, 'http://example.com/post12312395'),
(18, 'http://example.com/post12312396'),
(18, 'http://example.com/post12312397'),
(18, 'http://example.com/post12312398'),
(18, 'http://example.com/post12312399'),
(18, 'http://example.com/post123123100'),

(19, 'http://example.com/post1412341242101'),
(19, 'http://example.com/post1412341242102'),
(19, 'http://example.com/post1412341242103'),
(19, 'http://example.com/post1412341242104'),
(19, 'http://example.com/post1412341242105'),
(19, 'http://example.com/post1412341242106'),
(19, 'http://example.com/post1412341242107'),
(19, 'http://example.com/post1412341242108'),
(19, 'http://example.com/post1412341242109'),
(19, 'http://example.com/post1412341242110'),

(20, 'http://example.com/post11112973412983728'),
(20, 'http://example.com/post11212973412983728'),
(20, 'http://example.com/post11312973412983728'),
(20, 'http://example.com/post11412973412983728'),
(20, 'http://example.com/post11512973412983728'),
(20, 'http://example.com/post11612973412983728'),
(20, 'http://example.com/post11712973412983728'),
(20, 'http://example.com/post11812973412983728'),
(20, 'http://example.com/post11912973412983728'),
(20, 'http://example.com/post12012973412983728');

-- Insert data into feeds_instagram_sources table
INSERT INTO `feeds_instagram_sources` (`feed_id`, `instagram_source_id`) VALUES
(1, 1),
(1, 2),
(2, 3),
(2, 4),
(3, 5),
(3, 6),
(4, 7),
(4, 8),
(5, 9),
(5, 10),
(6, 11),
(6, 12),
(7, 13),
(7, 14),
(8, 15),
(8, 16),
(9, 17),
(9, 18),
(10, 19),
(10, 20),
(16, 11),
(16, 12),
(17, 13),
(17, 14),
(18, 15),
(18, 16),
(19, 17),
(19, 18),
(20, 19),
(20, 20);

-- Insert data into feeds_tiktok_sources table
INSERT INTO `feeds_tiktok_sources` (`feed_id`, `tiktok_source_id`) VALUES
(1, 1),
(1, 2),
(2, 3),
(2, 4),
(3, 5),
(3, 6),
(4, 7),
(4, 8),
(5, 9),
(5, 10),
(10, 1),
(11, 2),
(12, 3),
(12, 4),
(13, 5),
(13, 6),
(14, 7),
(14, 8),
(15, 9),
(15, 10),
(16, 11),
(16, 12),
(17, 13),
(17, 14),
(18, 15),
(18, 16),
(19, 17),
(19, 18),
(20, 19),
(20, 20);